ein,name,total_fees,num_clients,name_clean,is_person,parent_group_id,group_size,same_parent_flag
10233346,JOHN HANCOCK LIFE INS. CO.,15264.0,1,JOHN HANCOCK LIFE INS,False,0,3,1
10233346,JOHN HANCOCK LIFE INSURANCE CO (USA,270.0,1,JOHN HANCOCK LIFE INSURANCE USA,False,0,3,1
10233346,JOHN HANCOCK LIFE INSURANCE COMPANY,17051.0,5,JOHN HANCOCK LIFE INSURANCE COMPANY,False,0,3,1
10726056,CONRAD SIEGEL INVESTMENT ADVISORS,228671.0,1,CONRAD SIEGEL INVESTMENT,False,1,1,0
112778625,BLATT & DAUMAN LLP,10000.0,1,BLATT DAUMAN LLP,False,2,1,0
113271022,"ASSOCIATED PENSION CONSULTANTS, INC",3240.0,1,ASSOCIATED PENSION CONSULTANTS,False,3,2,1
113544517,THE ROSENBAUM LAW FIRM P.C.,4141.0,1,THE ROSENBAUM LAW FIRM PC,False,4,1,0
113639254,VANDERBILT SECURITIES LLC,23330.0,1,VANDERBILT SECURITIES,False,5,1,0
113665754,ASCENSUS LLC,94258.0,8,ASCENSUS,False,6,2,1
113665754,"ASCENSUS, LLC",22815.0,1,ASCENSUS,False,6,2,1
131624203,TIAA-TEACHERS INSUR & ANNUITY ASSOC,10314.0,1,TIAATEACHERS INSUR ANNUITY ASSOC,False,7,1,0
132624428,JP MORGAN FUNDS,0.0,1,JP MORGAN FUNDS,False,8,2,1
132624428,JPMORGAN INVEST HOLDINGS LLC,330.0,1,JPMORGAN INVEST HOLDINGS,False,8,2,1
132638166,UBS FINANCIAL SERVICES,12324.0,1,UBS,False,9,3,1
132638166,UBS FINANCIAL SERVICES INC,68881.0,2,UBS,False,9,3,1
132638166,"UBS FINANCIAL SERVICES, INC.",22616.0,1,UBS,False,9,3,1
132700161,VICTORY CAPITAL MANAGEMENT INC.,143497.0,1,VICTORY,False,10,1,0
133036745,"ADP, INC.",1153569.0,32,ADP,False,11,2,1
133036745,"ADP, LLC",6941.0,1,ADP,False,11,2,1
133068979,"MULTIPLAN, INC",18892.0,1,MULTIPLAN,False,12,1,0
133180631,COLUMBIA MANAGEMENT,39735.0,1,COLUMBIA,False,13,1,0
133352347,PGIM INVESTMENTS,0.0,1,PGIM,False,14,1,0
133646501,JOHN HANCOCK NEW YORK,148.0,1,JOHN HANCOCK NEW YORK,False,15,1,0
133689044,TRANSAMERICA RETIREMENT SOLUTIONS,446270.0,15,TRANSAMERICA RETIREMENT SOLUTIONS,False,16,1,0
134238973,"TRANSITION FINANCE STRATEGIES, LLC",20155.0,1,TRANSITION FINANCE STRATEGIES,False,17,1,0
134255527,"CALVETTI FERGUSON, LLC",14584.0,1,CALVETTI FERGUSON,False,18,1,0
135160382,BANK OF NEW YORK MELLON,8207.0,1,BANK OF NEW YORK MELLON,False,19,2,1
135160382,THE BANK OF NEW YORK MELLON,71857.0,1,THE BANK OF NEW YORK MELLON,False,19,2,1
135570651,EQUITABLE LIFE INSURANCE COMPANY,11627.0,1,EQUITABLE LIFE INSURANCE COMPANY,False,20,1,0
135581829,METROPOLITAN LIFE INSURANCE COMPANY,30.0,1,METROPOLITAN LIFE INSURANCE COMPANY,False,21,1,0
135674085,MERRILL LYNCH PIERCE FENNER & SMITH,10270.0,5,MERRILL LYNCH PIERCE FENNER SMITH,False,22,3,1
135674085,MERRILL LYNCH RETIREMENT BENEFIT SV,15037.0,1,MERRILL LYNCH RETIREMENT BENEFIT SV,False,22,3,1
135674085,"MERRILL LYNCH, PIERCE, FENNER AND S",214106.0,2,MERRILL LYNCH PIERCE FENNER AND S,False,22,3,1
141918990,TEMPLETON & COMPANY LLP,17418.0,1,TEMPLETON COMPANY LLP,False,23,1,0
150329043,EXCELLUS BLUE CROSS BLUE SHIELD,18778.0,1,EXCELLUS BLUE CROSS BLUE SHIELD,False,24,1,0
161124166,"PAYCHEX, INC.",76265.0,9,PAYCHEX,False,25,1,0
161131146,BONADIO & CO. LLP,31000.0,1,BONADIO LLP,False,26,1,0
161264154,"MERITAIN HEALTH, AN AETNA COMPANY",287171.0,8,MERITAIN HEALTH AN AETNA COMPANY,False,27,1,0
161450952,EPIC RETIREMENT PLAN SERVICES,52202.0,2,EPIC RETIREMENT PLAN,False,28,1,0
161486352,PAYCHEX SECURITIES CORP.,28038.0,1,PAYCHEX SECURITIES,False,29,1,0
161662117,"MEDWATCH, LLC",5989.0,1,MEDWATCH,False,30,1,0
200488721,CYBERSOFT TECHNOLOGIES CORPORATION,3000.0,2,CYBERSOFT TECHNOLOGIES CORPORATION,False,31,1,0
200849843,LEE CPA AUDIT GROUP,4478.0,1,LEE CPA AUDIT,False,32,1,0
200878127,BROWN & BROWN (PA),24150.0,1,BROWN BROWN PA,False,33,3,1
200878127,BROWN & BROWN OF PENNSYLVANIA,26649.0,1,BROWN BROWN OF PENNSYLVANIA,False,33,3,1
201054428,ACTUARIAL BENEFITS CORP.,0.0,1,ACTUARIAL BENEFITS,False,34,1,0
201181458,NOVA 401(K) ASSOCIATES LP,7761.0,1,NOVA 401K ASSOCIATES,False,35,1,0
201301962,TPP RETIREMENT PLAN SPECIALISTS,11951.0,1,TPP RETIREMENT PLAN SPECIALISTS,False,36,1,0
201489174,"TURNER, WOOD & SMITH",190880.0,1,TURNER WOOD SMITH,False,37,1,0
201903821,MONETA GROUP LLC,29350.0,1,MONETA,False,38,1,0
202153727,SB & COMPANY LLC,35935.0,2,SB COMPANY,False,39,2,1
202153727,"SB & COMPANY, LLC",11213.0,1,SB COMPANY,False,39,2,1
203886993,"NATIONAL BENEFIT SERVICES, LLC",13749.0,1,NATIONAL BENEFIT,False,40,1,0
203917294,GRANITE FINANCIAL PARTNERS,121908.0,2,GRANITE PARTNERS,False,41,1,0
203974530,OVATION HEALTH & LIFE SERVICES,8577.0,1,OVATION HEALTH LIFE,False,42,1,0
204795685,COMPASS RETIREMENT CONSULTING GROUP,0.0,1,COMPASS RETIREMENT CONSULTING,False,43,1,0
208307105,BAM ADVISOR SERVICES LLC,13758.0,1,BAM ADVISOR,False,44,2,1
208307105,FOCUS PARTNERS ADVISOR SOLUTIONS,27779.0,1,FOCUS PARTNERS ADVISOR SOLUTIONS,False,44,2,1
208874282,LOCKTON INVESTMENT ADVISORS,0.0,1,LOCKTON INVESTMENT,False,45,2,1
208874282,LOCKTON INVESTMENT ADVISORS LLC,6399.0,2,LOCKTON INVESTMENT,False,45,2,1
221146430,PNC BANK NATIONAL ASSOCIATION,10669.0,1,PNC BANK NATIONAL ASSOCIATION,False,46,3,1
221146430,"PNC BANK, NATIONAL ASSOCIATION",19381.0,1,PNC BANK NATIONAL ASSOCIATION,False,46,3,1
221211670,PRUDENTAL INSURANCE CO.,185782.0,1,PRUDENTAL INSURANCE,False,47,2,1
221211670,PRUDENTIAL INSURANCE COMPANY,11591887.0,1,PRUDENTIAL INSURANCE COMPANY,False,47,2,1
230455154,CAPITAL BLUE CROSS,56877.0,9,BLUE CROSS,False,48,2,1
230455154,CAPITAL BLUECROSS,38517.0,14,BLUECROSS,False,48,2,1
230558310,"ENGLE-HAMBRIGHT & DAVIES, INC. (EHD",22414.0,1,ENGLEHAMBRIGHT DAVIES EHD,False,49,1,0
230731260,JANNEY MONTGOMERY SCOTT LLC,0.0,1,JANNEY MONTGOMERY SCOTT,False,50,1,0
231294723,HIGHMARK BLUE SHIELD (CENTRAL),110277.0,8,HIGHMARK BLUE SHIELD CENTRAL,False,51,3,1
231294723,HIGHMARK INC,114659.0,1,HIGHMARK,False,51,3,1
231294723,"HIGHMARK, INC.",-20948.0,1,HIGHMARK,False,51,3,1
231315351,"BENECON GROUP, LLC",35021.0,1,BENECON,False,52,4,1
231315351,THE BENECON GROUP,1610987.0,42,THE BENECON,False,52,4,1
231315351,THE BENECON GROUP LLC,143653.0,2,THE BENECON,False,52,4,1
231315351,"THE BENECON GROUP, LLC",203359.0,14,THE BENECON,False,52,4,1
231468619,VALLEY FORGE PENSION MANAGEMENT,0.0,1,VALLEY FORGE PENSION,False,53,1,0
231605938,"STRICKLER AGENCY, INC.",2191.0,1,STRICKLER AGENCY,False,54,1,0
231667011,DELTA DENTAL OF PENNSYLVANIA,4784.0,1,DELTA DENTAL OF PENNSYLVANIA,False,55,1,0
231707341,"SEI GLOBAL SERVICES, INC.",46490.0,1,SEI GLOBAL,False,56,1,0
231945930,"THE VANGUARD GROUP, INC.",191079.0,15,THE VANGUARD,False,57,1,0
232329854,THE HAVERFORD TRUST COMPANY,7684.0,1,THE HAVERFORD COMPANY,False,58,1,0
232384840,WELLS FARGO CLEARING SERVICES LLC,0.0,1,WELLS FARGO CLEARING,False,59,4,1
232385085,MCCONKEY BENEFITS & FINANCIAL SERVI,72775.0,3,MCCONKEY BENEFITS SERVI,False,60,1,0
232399040,COMMONWEALTH BENEFITS GROUP,176921.0,9,COMMONWEALTH BENEFITS,False,61,1,0
232413864,FIDUCIARY TRUST INTERNATIONAL,24681.0,1,FIDUCIARY INTERNATIONAL,False,62,1,0
232415973,HERBEIN & CO INC,32000.0,1,HERBEIN,False,63,1,0
232504308,SIGNIFICA BENEFIT SERVICES,204385.0,1,SIGNIFICA BENEFIT,False,64,1,0
232748550,VALLEY FORGE INVESTMENT CONSULTANTS,0.0,1,VALLEY FORGE INVESTMENT CONSULTANTS,False,65,1,0
232962885,"WEBB INSURANCE, INC.",575.0,1,WEBB INSURANCE,False,66,1,0
233037647,FULTON FINANCIAL ADVISORS,24206.0,1,FULTON,False,67,1,0
233086396,"E. K. MCCONKEY & CO., INC.",74420.0,5,E K MCCONKEY,False,68,1,0
237384555,BLUE CROSS BLUE SHIELD OF LA,26636.0,1,BLUE CROSS BLUE SHIELD OF LA,False,69,1,0
251031405,MCGILL POWER BELL ASSOCIATES LLP,12500.0,1,MCGILL POWER BELL ASSOCIATES LLP,False,70,1,0
251409618,MID ATLANTIC CAPITAL CORPORATION,0.0,1,MID ATLANTIC CORPORATION,False,71,1,0
251784573,PCI (PA CHAMBER INSURANCE),19371.0,2,PCI PA CHAMBER INSURANCE,False,72,2,1
251784573,PCI INSURANCE AGENCY,43266.0,4,PCI INSURANCE AGENCY,False,72,2,1
260058143,"CAPFINANCIAL PARTNERS, LLC",8155.0,1,CAPFINANCIAL PARTNERS,False,73,2,1
260058143,CAPTRUST FINANCIAL ADVISORS,25526.0,1,CAPTRUST,False,73,2,1
261370698,HORIZON ACTUARIAL SERVICES LLC,113050.0,1,HORIZON ACTUARIAL,False,74,1,0
261768616,"CONNECTCARE3, LLC",13576.0,2,CONNECTCARE3,False,75,1,0
261870141,BEVCAP HEALTH CAPTIVE - NC,12542.0,1,BEVCAP HEALTH CAPTIVE NC,False,76,2,1
261870141,"BEVCAP MANAGEMENT, LLC",34496.0,1,BEVCAP,False,76,2,1
262824668,"WESPAC PLAN SERVICES, LLC",97500.0,1,WESPAC PLAN,False,77,1,0
262824865,"WESPAC ADVISORS, LLC",0.0,1,WESPAC,False,78,1,0
263554645,ACRISURE LLC (HEAD CAPITAL ADVISORS,34790.0,1,ACRISURE HEAD,False,79,1,0
264310632,MORGAN STANLEY SMITH BARNEY,0.0,1,MORGAN STANLEY SMITH BARNEY,False,80,1,0
264311657,LEAFHOUSE FINANCIAL ADVISORS LLC,301369.0,2,LEAFHOUSE,False,81,1,0
270367008,"KEYSTONE INSURERS GROUP, INC.",73024.0,1,KEYSTONE INSURERS,False,82,1,0
270711617,"AZALEA ADMINISTRATION, LLC",1537.0,1,AZALEA ADMINISTRATION,False,83,1,0
271207016,CORNERSTONE RETIREMENT PLAN ADMIN,1450.0,1,CORNERSTONE RETIREMENT PLAN ADMIN,False,84,1,0
271502067,BLUE BENEFIT ADMINISTRATORS OF MASS,23433.0,2,BLUE BENEFIT ADMINISTRATORS OF MASS,False,85,1,0
271746834,"PLEXUS FINANCIAL SERVICES, LLC",10000.0,1,PLEXUS,False,86,1,0
272037969,"NEWPORT GROUP, INC.",53113.0,2,NEWPORT,False,87,3,1
272436452,AON HEWITT INVESTMENT CONSULTANTS,71888.0,1,AON HEWITT INVESTMENT CONSULTANTS,False,88,1,0
273188744,SOLTIS INVESTMENT ADVISORS,97655.0,5,SOLTIS INVESTMENT,False,89,1,0
273463867,PCM RX MANAGEMENT,20138.0,1,PCM RX,False,90,1,0
273959113,HEALTH SAGE CONSULTING INC,48000.0,4,HEALTH SAGE CONSULTING,False,91,1,0
274411131,"NEWPORT GROUP, INC.",55103.0,1,NEWPORT,False,87,3,1
274666060,"AMPIAN HR OUTSOURCING, LLC",6123.0,1,AMPIAN HR OUTSOURCING,False,92,1,0
300041952,HRC TOTAL SOLUTIONS TAX,493979.0,2,HRC TOTAL SOLUTIONS TAX,False,93,1,0
300447847,DIMENSIONAL FUND ADVISORS LP,0.0,1,DIMENSIONAL FUND,False,94,3,1
300837157,"AP BENEFIT ADVISORS, LLC",3094.0,1,AP BENEFIT,False,95,1,0
30327374,MCSOLEY MCCOY & CO.,9101.0,1,MCSOLEY MCCOY,False,96,1,0
310841368,U.S. BANK NATIONAL ASSOCIATION,114261.0,1,US BANK NATIONAL ASSOCIATION,False,46,3,1
311191330,"MCGOHAN BRABENDER, INC.",7615.0,1,MCGOHAN BRABENDER,False,97,1,0
311360674,PENSION CORPORATION OF AMERICA,7555.0,1,PENSION CORPORATION OF AMERICA,False,98,1,0
311368946,"AMERICAN HEALTH HOLDING, INC.",74095.0,1,AMERICAN HEALTH HOLDING,False,99,1,0
311418743,REFLECT HEALTH / CIGNA,7815.0,1,REFLECT HEALTH CIGNA,False,100,1,0
311440043,"EVERHART FINANCIAL GROUP, INC",22301.0,1,EVERHART,False,101,1,0
311582098,CBIZ BENEFITS & INSURANCE SERVICES,31573.0,1,CBIZ BENEFITS INSURANCE,False,102,2,1
314156830,NATIONWIDE INSURANCE,12058.0,1,NATIONWIDE INSURANCE,False,103,2,1
314156830,NATIONWIDE LIFE INSURANCE COMPANY,58828.0,1,NATIONWIDE LIFE INSURANCE COMPANY,False,103,2,1
330818667,SAGEVIEW ADVISORY GROUP LLC,62500.0,1,SAGEVIEW,False,104,1,0
330883241,ACTIVE & FIT-AMERICAN SPECIALTY HEA,0.0,1,ACTIVE FITAMERICAN SPECIALTY HEA,False,105,1,0
331028341,"PATRIOT (POWER-KUNKLE GROUP, INC.)",13685.0,1,PATRIOT POWERKUNKLE,False,106,1,0
331077887,PGIM QUANTITATIVE SOLUTIONS LLC,58143.0,1,PGIM QUANTITATIVE SOLUTIONS,False,107,1,0
336134835,PENCHECKS TRUST COMPANY OF AMERICA,14275.0,1,PENCHECKS COMPANY OF AMERICA,False,108,1,0
340445620,JAMES B OSWALD COMPANY,29395.0,1,JAMES B OSWALD COMPANY,False,109,1,0
341213174,USI CONSULTING GROUP,9450.0,1,USI CONSULTING,False,110,2,1
341337680,NORTHWESTERN OHIO ADMINISTRATORS IN,14889.0,1,NORTHWESTERN OHIO ADMINISTRATORS IN,False,111,1,0
341479833,SCHWAB RETIREMENT PLAN SERVICES,59150.0,1,SCHWAB RETIREMENT PLAN,False,112,6,1
341479833,"SCHWAB RETIREMENT PLAN SERVICES,INC",387954.0,1,SCHWAB RETIREMENT PLAN,False,112,6,1
341542819,WELLS FARGO ADVISORS FINANCIAL NETW,0.0,1,WELLS FARGO NETW,False,59,4,1
341542819,"WELLS FARGO CLEARING SERVICES, LLC",0.0,1,WELLS FARGO CLEARING,False,59,4,1
341542819,WELLS FARGO CLEARING SVCS (WF ADVS),43169.0,3,WELLS FARGO CLEARING SVCS WF ADVS,False,59,4,1
341597728,"CLEARSTEAD ADVISORS,LLC",6180.0,1,CLEARSTEAD,False,113,1,0
341820650,"QDRO CONSULTANTS COMPANY, LLC",1800.0,1,QDRO CONSULTANTS COMPANY,False,114,1,0
344439491,SHUMAKER LOOP & KENDRICK LLP,12556.0,1,SHUMAKER LOOP KENDRICK LLP,False,115,1,0
346565596,ERNST AND YOUNG US LLP,67704.0,2,ERNST AND YOUNG US LLP,False,116,1,0
350145825,AMERICAN UNITED LIFE INS CO,0.0,3,AMERICAN UNITED LIFE INS,False,117,2,1
350145825,AMERICAN UNITED LIFE INSURANCE CO,12992.0,5,AMERICAN UNITED LIFE INSURANCE,False,117,2,1
350472300,LINCOLN NATIONAL CORPORATION,30361.0,1,LINCOLN NATIONAL CORPORATION,False,118,2,1
351140070,LINCOLN NATIONAL CORPORATION,78447.0,4,LINCOLN NATIONAL CORPORATION,False,118,2,1
351151034,LINCOLN FINANCIAL ADVISORS CORPORAT,0.0,2,LINCOLN CORPORAT,False,119,1,0
352508919,GRAVIE ADMINISTRATIVE SERVICES LLC,5675.0,1,GRAVIE ADMINISTRATIVE,False,120,1,0
352552359,KESTRA ADVISORY SERVICES,59983.0,6,KESTRA,False,121,4,1
352552359,KESTRA ADVISORY SERVICES LLC,0.0,1,KESTRA,False,121,4,1
352552359,"KESTRA ADVISORY SERVICES, LLC",0.0,1,KESTRA,False,121,4,1
352552359,KESTRA INVESTMENT SERVICES LLC,16500.0,1,KESTRA INVESTMENT,False,121,4,1
361561860,NORTHERN TRUST COMPANY,58154.0,1,NORTHERN COMPANY,False,122,2,1
361561860,THE NORTHERN TRUST COMPANY,14015.0,2,THE NORTHERN COMPANY,False,122,2,1
362235791,"AON CONSULTING, INC.",138699.0,1,AON CONSULTING,False,123,1,0
363120284,GENWORTH FINANCIAL SEC CORP,0.0,2,GENWORTH SEC,False,124,1,0
363129984,DIMENSIONAL FUND ADVISORS,0.0,1,DIMENSIONAL FUND,False,94,3,1
363664388,UBS GLOBAL ASSET MANAGEMENT,3674.0,1,UBS GLOBAL ASSET,False,125,1,0
363681493,GREATBANC TRUST COMPANY,26800.0,1,GREATBANC COMPANY,False,126,1,0
364001764,FIDUCIENT ADVISORS LLC,113.0,1,FIDUCIENT,False,127,2,1
364001764,"FIDUCIENT ADVISORS, LLC",17917.0,2,FIDUCIENT,False,127,2,1
364147777,DAVIS & CAMPBELL LLC,26565.0,1,DAVIS CAMPBELL,False,128,1,0
364291971,ARTHUR J GALLAGHER & CO,9434.0,1,ARTHUR J GALLAGHER,False,129,3,1
364291971,"GALLAGHER BENEFIT SERVICES, INC.",11250.0,2,GALLAGHER BENEFIT,False,129,3,1
364291971,GALLAGHER FIDUCIARY ADVISORS LLC,33184.0,3,GALLAGHER FIDUCIARY,False,129,3,1
364297197,"GALLAGHER BENEFIT SERVICES, INC",35040.0,1,GALLAGHER BENEFIT,False,130,1,0
364317381,INVESTMENT ADVISORY,172.0,1,INVESTMENT,False,131,2,1
364317381,MORNINGSTAR INVESTMENT MANAGEMENT L,0.0,8,MORNINGSTAR INVESTMENT L,False,131,2,1
364391310,BSWIFT LLC,761346.0,1,BSWIFT,False,132,1,0
364488942,PUTNAM MUTUAL FUNDS,0.0,1,PUTNAM MUTUAL FUNDS,False,133,1,0
365132517,"COHEN & COMPANY, LTD.",29000.0,1,COHEN COMPANY,False,134,1,0
366071399,TRANSAMERICA FIN. LIFE INS. COMPANY,6793.0,2,TRANSAMERICA FIN LIFE INS COMPANY,False,135,7,1
366071399,TRANSAMERICA FINANCIAL LIFE INS,5714.0,1,TRANSAMERICA LIFE INS,False,135,7,1
366071399,TRANSAMERICA FINANCIAL LIFE INS CO,3983.0,3,TRANSAMERICA LIFE INS,False,135,7,1
366071399,TRANSAMERICA FINANCIAL LIFE INSURAN,112327.0,2,TRANSAMERICA LIFE INSURAN,False,135,7,1
366071399,TRANSAMERICA LIFE INSURANCE COMPANY,30132.0,1,TRANSAMERICA LIFE INSURANCE COMPANY,False,135,7,1
376572947,NEWPORT CAPITAL GROUP,50432.0,1,NEWPORT,False,87,3,1
381543746,E PLAN SERVICES,5775.0,1,E PLAN,False,136,1,0
382771817,DAVID DUFFY CPA PLLC,122589.0,2,DAVID DUFFY CPA PLLC,False,137,1,0
383269858,PROBUS TECHNICAL SERVICES INC,8000.0,2,PROBUS TECHNICAL,False,138,1,0
390230590,CMFG LIFE INSURANCE COMPANY,118152.0,2,CMFG LIFE INSURANCE COMPANY,False,139,1,0
390859910,"BAKER TILLY US, LLP",40760.0,1,BAKER TILLY US LLP,False,140,1,0
390989781,TRANSAMERICA LIFE INSURANCE CO,2208.0,1,TRANSAMERICA LIFE INSURANCE,False,135,7,1
390989781,TRANSAMERICA LIFE INSURANCE COMPANY,15137.0,1,TRANSAMERICA LIFE INSURANCE COMPANY,False,135,7,1
391995276,"UMR, INC",92120.0,1,UMR,False,141,2,1
391995276,"UMR, INC.",47878.0,1,UMR,False,141,2,1
392044064,EMPLOYEE BENEFITS CORPORATION,9656.0,1,EMPLOYEE BENEFITS CORPORATION,False,142,1,0
396040276,SENTRY LIFE INSURANCE COMPANY,2824.0,1,SENTRY LIFE INSURANCE COMPANY,False,143,1,0
410746749,CLIFTONLARSONALLEN WEALTH ADVISORS,7148.0,1,CLIFTONLARSONALLEN WEALTH,False,144,1,0
411289245,"UNITED HEALTHCARE SERVICES, INC.",97749.0,1,UNITED HEALTHCARE,False,145,1,0
411416330,RBC WEALTH MANAGEMENT,35750.0,2,RBC WEALTH,False,146,1,0
411533211,COLUMBIA ASSET MANAGEMENT,14215.0,1,COLUMBIA ASSET,False,147,1,0
411852523,"DDMN ASO, LLC",2175.0,1,DDMN ASO,False,148,1,0
412016508,WEALTH ENHANCEMENT ADVISORY SERVICE,11980.0,1,WEALTH ENHANCEMENT SERVICE,False,149,1,0
41590850,EMPOWER ANNUITY INS CO OF AMERICA,21504.0,1,EMPOWER ANNUITY INS OF AMERICA,False,150,13,1
41590850,MASS MUTUAL LIFE INSURANCE COMPANY,81164.0,1,MASS MUTUAL LIFE INSURANCE COMPANY,False,150,13,1
41590850,MASSACHUSETTS MUTUAL LIFE INSURANCE,1678.0,1,MASSACHUSETTS MUTUAL LIFE INSURANCE,False,150,13,1
41782600,ROCKLAND TRUST COMPANY,19878.0,1,ROCKLAND COMPANY,False,151,2,1
41782600,ROCKLAND TRUST GROUP,5142.0,1,ROCKLAND,False,151,2,1
420127290,PRINCIPAL LIFE INSURANCE COMPANY,1477259.0,52,PRINCIPAL LIFE INSURANCE COMPANY,False,152,1,0
420388260,"MEMBERS CAPITAL ADVISORS, INC.",24777.0,2,MEMBERS,False,153,1,0
420941553,PRINCIPAL SECURITIES INC,0.0,1,PRINCIPAL SECURITIES,False,154,1,0
42105911,GRAPHIC ARTS INSTITUTE OF NE,18313.0,1,GRAPHIC ARTS INSTITUTE OF NE,False,155,1,0
421445429,CAMBRIDGE INVESTMENT RESEARCH,10493.0,1,CAMBRIDGE INVESTMENT RESEARCH,False,156,1,0
421479618,PRINCIPAL GLOBAL INVESTORS,12764.0,1,PRINCIPAL GLOBAL INVESTORS,False,157,2,1
421479618,PRINCIPAL GLOBAL INVESTORS LLC,0.0,1,PRINCIPAL GLOBAL INVESTORS,False,157,2,1
421484983,"ADMIN GROUP, LLC DBA TAG RESOURCES",5608.0,2,ADMIN DBA TAG RESOURCES,False,158,4,1
421484983,"ADMIN GROUP, LLC DBA TAG RESURCES",685.0,1,ADMIN DBA TAG RESURCES,False,158,4,1
421484983,"ADMIN. GROUP, LLC DBA TAG RESOURCES",3261.0,1,ADMIN DBA TAG RESOURCES,False,158,4,1
421520346,PRINCIPAL,126875.0,1,PRINCIPAL,False,159,2,1
421645441,"AILSA CAPITAL, INC.",19713.0,1,AILSA,False,160,1,0
42530412,THE ANGELL PENSION GROUP,9045.0,1,THE ANGELL PENSION,False,161,3,1
42530412,"THE ANGELL PENSION GROUP, INC",1918.0,1,THE ANGELL PENSION,False,161,3,1
42530412,"THE ANGELL PENSION GROUP, INC.",234302.0,1,THE ANGELL PENSION,False,161,3,1
42647786,FID INV INST OPS CO,36284.0,2,FID INV INST OPS,False,162,5,1
42647786,FIDELITY INVESTMENTS,920.0,1,FIDELITY,False,162,5,1
42647786,FIDELITY INVESTMENTS INS. OPER. CO.,-48091.0,1,FIDELITY INS OPER,False,162,5,1
42647786,FIDELITY INVESTMENTS INSTITUTIONAL,754989.0,52,FIDELITY INSTITUTIONAL,False,162,5,1
42647786,GLOBAL RETIREMENT PARTNERS LLC,15000.0,1,GLOBAL RETIREMENT PARTNERS,False,162,5,1
42654524,STRATEGIC ADVISORS,17859.0,2,STRATEGIC,False,163,2,1
42654524,"STRATEGIC ADVISORS, INC.",83079.0,7,STRATEGIC,False,163,2,1
42675571,COMMONWEALTH FIANCIAL SERVICES,20919.0,1,COMMONWEALTH FIANCIAL,False,164,3,1
42675571,COMMONWEALTH FINANCIAL NETWORK,110183.0,4,COMMONWEALTH NETWORK,False,164,3,1
42675571,COMMONWEATLH FINANCIAL NETWORK,6250.0,1,COMMONWEATLH NETWORK,False,164,3,1
42747644,MFS FUNDS,0.0,1,MFS FUNDS,False,165,1,0
430345811,"EDWARD D. JONES & CO., L.P.",53594.0,1,EDWARD D JONES LP,False,166,1,0
43046611,LPL FINANCIAL,9593.0,1,LPL,False,167,3,1
43046611,LPL FINANCIAL LLC,0.0,2,LPL,False,167,3,1
43046611,LPL HOLDINGS INC,36514.0,1,LPL HOLDINGS,False,167,3,1
431210557,ARNOLD INSURANCE COMPANY,44040.0,1,ARNOLD INSURANCE COMPANY,False,168,1,0
431270780,CREATIVE PLANNING LLC,8091.0,2,CREATIVE PLANNING,False,169,3,1
431364135,"HEALTHLINK, INC.",13544.0,1,HEALTHLINK,False,170,1,0
431420563,EXPRESS SCRIPTS INC.,94734.0,1,EXPRESS SCRIPTS,False,171,1,0
431770779,"GROUP BENEFIT SERVICES, INC.",115532.0,2,BENEFIT,False,172,2,1
431807084,"CREATIVE PLANNING, INC",6450.0,1,CREATIVE PLANNING,False,169,3,1
43365630,FIDELITY INVESTMENTS,0.0,2,FIDELITY,False,173,1,0
43499945,CARON & BLETZER PLLC,12750.0,1,CARON BLETZER PLLC,False,174,1,0
43523567,NATIONAL FINANCIAL SERVICES,0.0,7,NATIONAL,False,175,1,0
43705970,HY HOLDINGS INC,3129.0,1,HY HOLDINGS,False,176,1,0
446006315,AMERICAN CENTURY INVESTMENT INC,0.0,1,AMERICAN CENTURY INVESTMENT,False,177,1,0
452355015,"OMADA COMPLETE, INC.",0.0,1,OMADA COMPLETE,False,178,2,1
452355015,OMADA HEALTH INC,0.0,1,OMADA HEALTH,False,178,2,1
453004703,"PEACHCAP TAX & ADVISORY, LLC",17376.0,1,PEACHCAP TAX,False,179,1,0
453834091,"ALTERNATIVE INVESTMENT ADVISORS, LL",8271.0,1,ALTERNATIVE INVESTMENT LL,False,180,1,0
454813650,3(16) FIDUCIARY SERVICES CORP,1525.0,1,316 FIDUCIARY,False,181,1,0
455492167,CAPITAL ADVANTAGE ASSURANCE COMPANY,-282196.0,1,ADVANTAGE ASSURANCE COMPANY,False,182,1,0
455608425,STONE HILL FIDUCIARY MANAGEMENT LLC,5999.0,1,STONE HILL FIDUCIARY,False,183,1,0
456062081,"ALERUS FINANCIAL, N.A.",32395.0,1,ALERUS NA,False,184,1,0
461247632,"RASMUSON & COMPANY, PC",46207.0,1,RASMUSON COMPANY PC,False,185,1,0
46171663,BLACKROCK FUNDS,0.0,1,BLACKROCK FUNDS,False,186,1,0
461803145,"FORUSALL, INC.",6028.0,1,FORUSALL,False,187,1,0
462725880,CK FINANCIAL LLC,7293.0,1,CK,False,188,1,0
464488538,"DREXI, INC",26456.0,1,DREXI,False,189,1,0
465055797,SETAWAY LLC,9880.0,1,SETAWAY,False,190,1,0
465061538,TWELVE POINTS WEALTH MANAGEMENT LLC,11657.0,1,TWELVE POINTS WEALTH,False,191,1,0
470098400,AMERITAS LIFE INSURANCE CORP,128.0,1,AMERITAS LIFE INSURANCE,False,192,2,1
470098400,AMERITAS LIFE INSURANCE CORP.,10365.0,1,AMERITAS LIFE INSURANCE,False,192,2,1
471371230,RALSTON DEVELOPMENT INC,5000.0,1,RALSTON DEVELOPMENT,False,193,1,0
471411118,GLOBAL RETIREMENT PARTNERS,9561.0,2,GLOBAL RETIREMENT PARTNERS,False,194,2,1
471411118,GLOBAL RETIREMENT PARTNERS LLC,0.0,2,GLOBAL RETIREMENT PARTNERS,False,194,2,1
471673715,CIS INSURANCE AND INVESTMENTS,33951.0,1,CIS INSURANCE AND,False,195,1,0
472112548,THE ACCEL GROUP,19776.0,1,THE ACCEL,False,196,1,0
473302715,PACIFIC FEDERAL LLC,60000.0,1,PACIFIC FEDERAL,False,197,1,0
473558396,EXENCIAL WEALTH ADVISORS LLC,52780.0,1,EXENCIAL WEALTH,False,198,1,0
473992551,NORTH WOODS ASSET MANAGEMENT LLC,0.0,1,NORTH WOODS ASSET,False,199,1,0
474307706,HUMAN INTEREST ADVISOR LLC,22134.0,2,HUMAN INTEREST ADVISOR,False,200,1,0
474474775,"GUIDELINE, INC.",11153.0,1,GUIDELINE,False,201,2,1
474474775,"GUIDELINE, LLC",15025.0,1,GUIDELINE,False,201,2,1
474591265,HEALTHGRAM- TELADOCINC,11000.0,1,HEALTHGRAM TELADOCINC,False,202,1,0
510099493,PRINCIPAL,22107.0,1,PRINCIPAL,False,159,2,1
510467698,BSI CORPORATE BENEFITS,24534.0,1,BSI CORPORATE BENEFITS,False,203,2,1
510467698,"BSI CORPORATE BENEFITS, LLC",8638.0,2,BSI CORPORATE BENEFITS,False,203,2,1
521309931,"T ROWE PRICE RPS, INC",42879.0,1,T ROWE PRICE RPS,False,204,2,1
521309931,"T. ROWE PRICE RPS, INC.",44728.0,2,T ROWE PRICE RPS,False,204,2,1
521396995,CBIZ FINANCIAL SOLUTIONS,5257.0,1,CBIZ SOLUTIONS,False,205,1,0
521665523,HUMAN RESOURCES INC,45874.0,1,HUMAN RESOURCES,False,206,1,0
522114207,NORTHWESTERN MUTUAL INVESTMENT SERV,0.0,1,NORTHWESTERN MUTUAL INVESTMENT SERV,False,207,1,0
522383166,HEALTHEQUITY INC,5852.0,1,HEALTHEQUITY,False,208,1,0
530181291,WILLIS TOWERS WATSON US LLC,33100.0,1,WILLIS TOWERS WATSON US,False,209,2,1
530181291,"WILLIS TOWERS WATSON US, LLC",66021.0,1,WILLIS TOWERS WATSON US,False,209,2,1
540504608,BROWN EDWARDS AND COMPANY,0.0,1,BROWN EDWARDS AND COMPANY,False,210,1,0
541019610,CST GROUP,27028.0,1,CST,False,211,1,0
541172176,SIKICH CPA LLC,13000.0,1,SIKICH CPA,False,212,1,0
542000731,SIMA BENEFITS CONSULTING GROUP,19800.0,1,SIMA BENEFITS CONSULTING,False,213,2,1
542000731,"SIMA BENEFITS CONSULTING GROUP, LLC",34860.0,1,SIMA BENEFITS CONSULTING,False,213,2,1
542011471,BROWN & BROWN (VA),32000.0,1,BROWN BROWN VA,False,33,3,1
560614254,"DEFINITI, LLC",490.0,1,DEFINITI,False,214,2,1
561167792,"CORPORATE BENEFITS SERVICE, INC.",35766.0,1,CORPORATE BENEFITS SERVICE,False,215,1,0
561449504,"HEALTHGRAM, INC",5110.0,1,HEALTHGRAM,False,216,2,1
561449504,"HEALTHGRAM, INC.",442435.0,1,HEALTHGRAM,False,216,2,1
561623293,MCGRIFF INSURANCE SERVICES,33250.0,1,MCGRIFF INSURANCE,False,217,2,1
561623293,MCGRIFF INSURANCE SERVICES (FORMERL,13692.0,1,MCGRIFF INSURANCE FORMERL,False,217,2,1
561762637,RETIREMENT PLAN SOLUTIONS,75.0,1,RETIREMENT PLAN SOLUTIONS,False,218,1,0
561981693,VERITY ASSET MANAGEMENT,3355.0,1,VERITY ASSET,False,219,1,0
570381582,"ELLIOTT DAVIS, PLLC",16000.0,1,ELLIOTT DAVIS PLLC,False,220,1,0
582131807,HEALTH PARTNERS NETWORK LLC,25882.0,1,HEALTH PARTNERS NETWORK,False,221,1,0
582161308,"MCGRIFF, SEIBELS & WILLIAMS",1703.0,1,MCGRIFF SEIBELS WILLIAMS,False,222,1,0
582449984,"GBA RETIREMENT SERVICES, INC.",8056.0,1,GBA RETIREMENT,False,223,3,1
582522668,"ONEDIGITAL (CLJM, LLC. DBA HM BENEF",49020.0,3,ONEDIGITAL CLJM DBA HM BENEF,False,224,1,0
591031071,CIGNA CORPORATION,1450.0,1,CIGNA CORPORATION,False,225,3,1
591031071,CIGNA HEALTH & LIFE INS CO,616942.0,6,CIGNA HEALTH LIFE INS,False,225,3,1
591031071,CIGNA HEALTH AND LIFE INSURANCE COM,112435.0,3,CIGNA HEALTH AND LIFE INSURANCE COM,False,225,3,1
591086117,"FIS BUSINESS SYSTEMS, LLC",24375.0,1,FIS BUSINESS SYSTEMS,False,226,1,0
591237041,RAYMOND JAMES & ASSOCIATES INC,4981.0,1,RAYMOND JAMES ASSOCIATES,False,227,1,0
592265857,"EJ REYNOLDS, INC.",1976.0,1,EJ REYNOLDS,False,228,1,0
592742314,BERKOWITZ POLLACK BRANT ADVISORS,52416.0,4,BERKOWITZ POLLACK BRANT,False,229,1,0
592749576,SLAVIC MUTUAL FUND MANAGEMENT CORP,46808.0,1,SLAVIC MUTUAL FUND,False,230,1,0
592937883,RAYMOND JAMES FINANCIAL SERVICES,18433.0,1,RAYMOND JAMES,False,231,2,1
592937883,RAYMOND JAMES FSA INC,29818.0,1,RAYMOND JAMES FSA,False,231,2,1
593554482,WAKELY CONSULTING GROUP,16565.0,1,WAKELY CONSULTING,False,232,1,0
593676225,"MARINER INSTITUTIONAL, LLC",10000.0,1,MARINER INSTITUTIONAL,False,233,1,0
61053228,USI CONSULTING GROUP,131367.0,2,USI CONSULTING,False,110,2,1
610600467,AL TORSTRICK INSURANCE AGENCY,59443.0,1,AL TORSTRICK INSURANCE AGENCY,False,234,1,0
610607472,"CHAS M MOORE INSURANCE AGENCY, INC.",41983.0,1,CHAS M MOORE INSURANCE AGENCY,False,235,1,0
610736136,MERCER INVESTMENT CONSULTING,202513.0,1,MERCER INVESTMENT CONSULTING,False,236,1,0
611013183,"HUMANA HEALTH PLAN, INC.",141184.0,1,HUMANA HEALTH PLAN,False,237,1,0
611607607,LT TRUST COMPANY,6999.0,1,LT COMPANY,False,238,1,0
611740806,MARINER RETIREMENT ADVISORS,0.0,1,MARINER RETIREMENT,False,239,1,0
611758632,"PENSIONMARK FINANCIAL GROUP, LLC",22128.0,2,PENSIONMARK,False,240,1,0
61194217,FIDELITY & RESEARCH COMPANY,0.0,1,FIDELITY RESEARCH COMPANY,False,241,1,0
61397347,"USI ADVISORS, INC.",27462.0,1,USI,False,242,1,0
61593514,WEX HEALTH INC.,23160.0,1,WEX HEALTH,False,243,1,0
620951563,AMERICAN TRUST COMPANY,124181.0,4,AMERICAN COMPANY,False,244,1,0
621291257,THE TRUST COMPANY OF TENNESSEE,27760.0,1,THE COMPANY OF TENNESSEE,False,245,1,0
621874769,"ADMIN. GROUP, LLC DBA TAG RESOURCES",6740.0,2,ADMIN DBA TAG RESOURCES,False,158,4,1
630103830,BLUE CROSS AND BLUE SHIELD OF AL,10701.0,1,BLUE CROSS AND BLUE SHIELD OF AL,False,246,2,1
630103830,BLUE CROSS BLUE SHIELD OF ALABAMA,244851.0,1,BLUE CROSS BLUE SHIELD OF ALABAMA,False,246,2,1
640831650,FINANCIAL CONCEPTS,6613.0,1,CONCEPTS,False,247,1,0
640936231,DYATECH LLC,2468.0,3,DYATECH,False,248,1,0
66033492,AETNA LIFE INSURANCE COMPANY,32245.0,1,AETNA LIFE INSURANCE COMPANY,False,249,1,0
660561870,BANCO POPULAR DE PUERTO RICO,1556.0,1,BANCO POPULAR DE PUERTO RICO,False,250,1,0
710226428,BLUE ADVANTAGE ADMINISTRATORS OF AR,364093.0,1,BLUE ADVANTAGE ADMINISTRATORS OF AR,False,251,1,0
710294708,VOYA LIFE INSURANCE & ANNUITY CO.,0.0,1,VOYA LIFE INSURANCE ANNUITY,False,252,5,1
710294708,VOYA RETIREMENT INSURANCE,567.0,1,VOYA RETIREMENT INSURANCE,False,252,5,1
710294708,VOYA RETIREMENT INSURANCE & ANNUIT,0.0,1,VOYA RETIREMENT INSURANCE ANNUIT,False,252,5,1
710294708,VOYA RETIREMENT INSURANCE & ANNUITY,253250.0,7,VOYA RETIREMENT INSURANCE ANNUITY,False,252,5,1
710294708,VOYA RETIREMENT INSURANCE & ANNUNIT,1917.0,1,VOYA RETIREMENT INSURANCE ANNUNIT,False,252,5,1
711039549,"JANET A. PANEBIANCO, CPA, PLLC",11798.0,1,JANET A PANEBIANCO CPA PLLC,False,253,1,0
721273520,BEAM WEALTH ADVISORS,0.0,1,BEAM WEALTH,False,254,1,0
731399273,ACCESS FINANCIAL RESOURCES,10772.0,1,ACCESS RESOURCES,False,255,1,0
741625348,AIG RETIREMENT SERVICES,0.0,1,AIG RETIREMENT,False,223,3,1
742715820,JULY BUSINESS SERVICES,27212.0,1,JULY BUSINESS,False,256,1,0
742794194,KESTRA INVESTMENT SERVICES LLC,0.0,1,KESTRA INVESTMENT,False,257,1,0
750786316,WEAVER AND TIDWELL LLP,42000.0,1,WEAVER AND TIDWELL LLP,False,258,2,1
750786316,"WEAVER AND TIDWELL, LLP",21000.0,1,WEAVER AND TIDWELL LLP,False,258,2,1
752355889,"IMS MARKETING, INC.",29842.0,1,IMS MARKETING,False,259,2,1
752355889,INSURANCE MANAGEMENT SERVICES,834115.0,5,INSURANCE,False,259,2,1
752401150,AMERICAN BEACON FUNDS,0.0,1,AMERICAN BEACON FUNDS,False,260,1,0
753014089,BROWN ADVISORY LLC,43664.0,1,BROWN,False,261,1,0
753182674,MATRIX TRUST COMPANY,17264.0,1,MATRIX COMPANY,False,262,2,1
753182674,MATRIX TRUST COMPANY LLC,11885.0,1,MATRIX COMPANY,False,262,2,1
760342548,ALLIANCE BENEFIT GROUP,3390.0,1,ALLIANCE BENEFIT,False,263,1,0
760560371,RILEY AND COMPANY PLLC,18000.0,1,RILEY AND COMPANY PLLC,False,264,1,0
760663719,BALDWIN GROUP,28281.0,1,BALDWIN,False,265,1,0
770155091,HICKS PENSION SERVICES,14700.0,1,HICKS PENSION,False,266,1,0
811939215,"COMPASS 360, LLC",9702.0,2,COMPASS 360,False,267,1,0
813062212,VESTWELL HOLDINGS INC.,46596.0,1,VESTWELL HOLDINGS,False,268,1,0
813968784,CBIZ BENEFITS & INSURANCE SERVICES,6000.0,1,CBIZ BENEFITS INSURANCE,False,102,2,1
813989034,M2B RETIREMENT CONSUL LLC,9005.0,1,M2B RETIREMENT CONSUL,False,269,1,0
814017137,STATE STREET GLOBAL ADVISORS,6075.0,1,STATE STREET GLOBAL,False,270,1,0
820557866,"NFP CORPORATE SERVICES (OK), LLC",31334.0,1,NFP CORPORATE OK,False,271,1,0
821434504,ONEDIGITAL INVESTMENT ADVISORS LLC,19745.0,1,ONEDIGITAL INVESTMENT,False,272,1,0
821589061,OAKSTREET WEALTH MANAGEMENT,8233.0,1,OAKSTREET WEALTH,False,273,1,0
823329197,GOODWORTH WEALTH MANAGEMENT,7000.0,1,GOODWORTH WEALTH,False,274,1,0
824555287,CAPITAL GROUP RETIREMENT PLAN SVCS,31760.0,2,RETIREMENT PLAN SVCS,False,112,6,1
824555287,CAPITAL GROUP RETIREMENT PLAN SVCS.,11329.0,1,RETIREMENT PLAN SVCS,False,112,6,1
824555287,CAPITAL GROUP RETIREMENT SERVICES,875.0,1,RETIREMENT,False,112,6,1
824555287,"RAYMOND JAMES & ASSOCIATES, INC.",17723.0,1,RAYMOND JAMES ASSOCIATES,False,112,6,1
825501752,"ELLSWORTH ADVISORS, LLC",24712.0,1,ELLSWORTH,False,275,1,0
831143379,"RPA FINANCIAL, LLC",0.0,1,RPA,False,276,1,0
831322110,"EMERGING THERAPY SOLUTIONS, INC.",13000.0,1,EMERGING THERAPY SOLUTIONS,False,277,1,0
831488684,MAGNOLIA CAPITAL ADVISORS LLC,8134.0,1,MAGNOLIA,False,278,1,0
833288732,JOHNSON POHLMANN INSURANCE,23744.0,1,JOHNSON POHLMANN INSURANCE,False,279,1,0
833455979,"AT RETIREMENT SERVICES, LLC",9684.0,2,AT RETIREMENT,False,223,3,1
833983879,DSR CPA AND CONSULTANTS LLC,0.0,1,DSR CPA AND CONSULTANTS,False,280,1,0
840467907,EMPOWER ANNUITY INS CO OF AMERICA,37004.0,1,EMPOWER ANNUITY INS OF AMERICA,False,150,13,1
840467907,EMPOWER ANNUITY INS. CO. OF AMERICA,50.0,1,EMPOWER ANNUITY INS OF AMERICA,False,150,13,1
840467907,EMPOWER ANNUITY INSURANCE,0.0,1,EMPOWER ANNUITY INSURANCE,False,150,13,1
840467907,EMPOWER ANNUITY INSURANCE CO. OF AM,24718.0,1,EMPOWER ANNUITY INSURANCE OF AM,False,150,13,1
840467907,EMPOWER ANNUITY INSURANCE COMPANY,176796.0,3,EMPOWER ANNUITY INSURANCE COMPANY,False,150,13,1
840467907,EMPOWER INSURANCE COMPANY OF AMERIC,45307.0,1,EMPOWER INSURANCE COMPANY OF AMERIC,False,150,13,1
840467907,EMPOWER LIFE & ANNUITY INSURANCE,31608.0,1,EMPOWER LIFE ANNUITY INSURANCE,False,150,13,1
840467907,GREAT WEST LIFE & ANNUITY INSURANCE,0.0,1,GREAT WEST LIFE ANNUITY INSURANCE,False,150,13,1
840467907,GREAT-WEST LIFE & ANNUITY INSURANCE,73800.0,3,GREATWEST LIFE ANNUITY INSURANCE,False,150,13,1
840467907,GWFS EQUITIES INC,240.0,6,GWFS EQUITIES,False,150,13,1
840532243,"ADVISED ASSETS GROUP, LLC",777.0,1,ADVISED ASSETS,False,281,1,0
841612955,INNOVEST PORTFOLIO SOLUTIONS LLC,8000.0,1,INNOVEST PORTFOLIO SOLUTIONS,False,282,1,0
842047961,ADVOCATE BUSINESS INSURANCE SOLUTIO,41847.0,1,ADVOCATE BUSINESS INSURANCE SOLUTIO,False,283,1,0
844519624,"CREATIVE PLANNING HOLD CO, LLC",2174.0,2,CREATIVE PLANNING HOLD,False,169,3,1
844758315,HUB INVESTMENT PARTNERS,24682.0,1,HUB INVESTMENT PARTNERS,False,284,1,0
845125577,"FAIRMONT BENEFITS, INC.",8820.0,1,FAIRMONT BENEFITS,False,285,1,0
850599589,"SGL PARTNERS, LLC",45780.0,1,SGL PARTNERS,False,286,1,0
850833363,DEFINITI LLC,2525.0,1,DEFINITI,False,214,2,1
854122522,WEALTH PLAN INVESTMENT MGT LLC,27546.0,1,WEALTH PLAN INVESTMENT MGT,False,287,1,0
861279290,"REVIVEHEALTH, INC.",6344.0,1,REVIVEHEALTH,False,288,1,0
862963468,ECONOMIC GROUP PENSION SVCS INC,12397.0,2,ECONOMIC PENSION SVCS,False,289,1,0
863678481,MAP RETIREMENT USA LLC,2300.0,2,MAP RETIREMENT USA,False,290,1,0
870364490,ALLIANCE BENEFIT GROUP ROCKY MOUNTA,15571.0,5,ALLIANCE BENEFIT ROCKY MOUNTA,False,291,1,0
874170846,CONEXUS INSURANCE PARTNERS,12600.0,1,CONEXUS INSURANCE PARTNERS,False,292,1,0
880359472,"MESA PACIFIC, LLC",13000.0,1,MESA PACIFIC,False,293,1,0
881100312,RPW SOLUTIONS LLC,48861.0,1,RPW SOLUTIONS,False,294,1,0
900345133,UNDERWRITERS SERVICE CORPORATION,39730.0,1,UNDERWRITERS SERVICE CORPORATION,False,295,1,0
910675641,MILLIMAN INC,6704.0,1,MILLIMAN,False,296,2,1
910675641,"MILLIMAN, INC.",2743.0,1,MILLIMAN,False,296,2,1
911008626,A.W. REHN & ASSOCIATES,12034.0,1,AW REHN ASSOCIATES,False,297,1,0
911072394,HUNNEX AND SHOEMAKER INC,8400.0,1,HUNNEX AND SHOEMAKER,False,298,2,1
911072394,"HUNNEX AND SHOEMAKER, INC.",0.0,1,HUNNEX AND SHOEMAKER,False,298,2,1
911619527,"CAPITAL BENEFIT SERVICES, LLC",148700.0,2,BENEFIT,False,172,2,1
911749975,EISENHOWER CARLSON PLLC,5656.0,1,EISENHOWER CARLSON PLLC,False,299,1,0
911947441,"EPK & ASSOCIATES, INC.",62338.0,1,EPK ASSOCIATES,False,300,1,0
922480517,HOOPER CONSULTING GROUP,27453.0,1,HOOPER CONSULTING,False,301,1,0
931242462,NORTHWEST CAPITAL MNGMT,0.0,2,NORTHWEST MNGMT,False,302,1,0
931253576,STANCORP FINANCIAL GROUP,20890.0,1,STANCORP,False,303,1,0
941347393,"WELLS FARGO BANK, N.A.",102913.0,2,WELLS FARGO BANK NA,False,304,1,0
941687665,"BANK OF AMERICA, N.A.",17233.0,1,BANK OF AMERICA NA,False,305,1,0
941737782,CHARLES SCHWAB & CO INC,1976.0,1,CHARLES SCHWAB,False,306,2,1
941737782,"CHARLES SCHWAB & CO., INC.",155271.0,3,CHARLES SCHWAB,False,306,2,1
942456320,ASSOCIATED PENSION CONSULTANTS,20346.0,1,ASSOCIATED PENSION CONSULTANTS,False,3,2,1
943112180,BLACKROCK INSTITUTIONAL TRUST CO.,0.0,1,BLACKROCK INSTITUTIONAL,False,307,1,0
951411037,AMERICAN FUNDS,0.0,2,AMERICAN FUNDS,False,308,3,1
951411037,CAPITAL RESEARCH MANAGEMENT COMPANY,0.0,1,RESEARCH COMPANY,False,308,3,1
952036255,MILLER KAPLAN ARASE LLP,22800.0,1,MILLER KAPLAN ARASE LLP,False,309,1,0
952632339,PIMCO FUNDS,0.0,1,PIMCO FUNDS,False,310,1,0
952755361,WILLSHIRE ADVISORS LLC,0.0,0,WILLSHIRE,False,311,4,1
952755361,WILSHIRE ADVISORS LLC,0.0,8,WILSHIRE,False,311,4,1
952755361,"WILSHIRE ADVISORS, LLC",0.0,1,WILSHIRE,False,311,4,1
952755361,WILSHIRE ASSOCIATES INCORPORATED,0.0,7,WILSHIRE ASSOCIATES INCORPORATED,False,311,4,1
952956616,"BUSH GOTTLIEB, A LAW CORPORATION",10840.0,1,BUSH GOTTLIEB A LAW CORPORATION,False,312,1,0
953692822,ALL SPRINGS GLOBAL FUNDS,0.0,1,ALL SPRINGS GLOBAL FUNDS,False,313,1,0
953706234,PLANMEMBER FINANCIAL CORPORATION,17574.0,1,PLANMEMBER CORPORATION,False,314,1,0
954470812,DIMENSIONAL FUNDS,0.0,1,DIMENSIONAL FUNDS,False,94,3,1
954597302,METROPOLITAN WEST FUNDS,0.0,1,METROPOLITAN WEST FUNDS,False,315,1,0
956817943,AMERICAN FUNDS,0.0,1,AMERICAN FUNDS,False,308,3,1
991856619,GRANT THORNTON ADVISORS LLC,24897.0,1,GRANT THORNTON,False,316,1,0
994929575,VENNING & COMPANY LLC,10775.0,1,VENNING COMPANY,False,317,1,0
